x,T,u,Y_H2,Y_H,Y_O,Y_O2,Y_OH,Y_H2O,Y_HO2,Y_H2O2,Y_AR,Y_N2
0.00000000e+00,2.35846647e+03,1.53275611e+01,1.01638867e-03,6.50922504e-05,4.01797966e-04,8.67840634e-03,4.94282206e-03,2.34906956e-01,1.82590759e-06,1.89886830e-07,-1.85246041e-76,7.49986521e-01
1.20000000e-02,2.35846647e+03,1.53275611e+01,1.01638867e-03,6.50922504e-05,4.01797966e-04,8.67840634e-03,4.94282206e-03,2.34906956e-01,1.82590759e-06,1.89886830e-07,-1.85246041e-76,7.49986521e-01
1.80000000e-02,2.35354869e+03,1.53016178e+01,1.05524131e-03,7.00654478e-05,4.28922371e-04,8.93831773e-03,5.08231798e-03,2.34436569e-01,1.90813885e-06,1.94110200e-07,-1.85246060e-76,7.49986464e-01
2.40000000e-02,2.34379544e+03,1.52501649e+01,1.13134257e-03,8.04428309e-05,4.85105801e-04,9.44802323e-03,5.35340828e-03,2.33513007e-01,2.07589600e-06,2.02519057e-07,-1.85246091e-76,7.49986392e-01
2.70000000e-02,2.33374455e+03,1.51969858e+01,1.20775659e-03,9.17655321e-05,5.45936751e-04,9.96642608e-03,5.62336173e-03,2.32575997e-01,2.25500710e-06,2.11241554e-07,-1.85246135e-76,7.49986290e-01
2.85000000e-02,2.32579181e+03,1.51547613e+01,1.26664935e-03,1.01144047e-04,5.96013408e-04,1.03719722e-02,5.82985525e-03,2.31845568e-01,2.40122008e-06,2.18201256e-07,-1.85246183e-76,7.49986178e-01
3.00000000e-02,2.31531027e+03,1.50990258e+01,1.34275444e-03,1.14113564e-04,6.64716783e-04,1.09003539e-02,6.09346549e-03,2.30895710e-01,2.60058544e-06,2.27501108e-07,-1.85246258e-76,7.49986057e-01
3.15000000e-02,2.30121403e+03,1.50238885e+01,1.44235869e-03,1.32607248e-04,7.61685722e-04,1.16010218e-02,6.43253578e-03,2.29640774e-01,2.88092431e-06,2.40280396e-07,-1.85246370e-76,7.49985896e-01
3.30000000e-02,2.28172027e+03,1.49196359e+01,1.57515277e-03,1.60099971e-04,9.03808754e-04,1.25531787e-02,6.87247201e-03,2.27946063e-01,3.29231104e-06,2.58565879e-07,-1.85246547e-76,7.49985673e-01
3.37500000e-02,2.26774117e+03,1.48444356e+01,1.66607269e-03,1.81001681e-04,1.01060904e-03,1.32247605e-02,7.16617486e-03,2.26762095e-01,3.60366767e-06,2.72144418e-07,-1.85246706e-76,7.49985410e-01
3.45000000e-02,2.25029561e+03,1.47503267e+01,1.77585904e-03,2.08583831e-04,1.14967653e-03,1.40501367e-02,7.50999331e-03,2.25316286e-01,4.01258206e-06,2.89763262e-07,-1.85246951e-76,7.49985163e-01
3.52500000e-02,2.22803865e+03,1.46297721e+01,1.90993474e-03,2.46059957e-04,1.33554522e-03,1.50847491e-02,7.91274038e-03,2.23521263e-01,4.56691193e-06,3.13457836e-07,-1.85247296e-76,7.49984827e-01
3.60000000e-02,2.19877429e+03,1.44704047e+01,2.07647341e-03,2.99044450e-04,1.59264630e-03,1.64171559e-02,8.38329945e-03,2.21241335e-01,5.35085868e-06,3.47019053e-07,-1.85247806e-76,7.49984347e-01
3.63750000e-02,2.17882771e+03,1.43608191e+01,2.18213081e-03,3.37073251e-04,1.77389916e-03,1.73081043e-02,8.66430517e-03,2.19744488e-01,5.91840511e-06,3.71636667e-07,-1.85248189e-76,7.49983709e-01
3.67500000e-02,2.15461904e+03,1.42272442e+01,2.30426838e-03,3.85602452e-04,2.00063876e-03,1.83718924e-02,8.96760262e-03,2.17979845e-01,6.64467809e-06,4.03834915e-07,-1.85248774e-76,7.49983102e-01
3.69375000e-02,2.13973139e+03,1.41444631e+01,2.37477091e-03,4.16345032e-04,2.14221184e-03,1.90170280e-02,9.13196818e-03,2.16927779e-01,7.10977755e-06,4.24999367e-07,-1.85249099e-76,7.49982362e-01
3.71250000e-02,2.12283989e+03,1.40502371e+01,2.45184690e-03,4.52305068e-04,2.30540184e-03,1.97409688e-02,9.30094085e-03,2.15758727e-01,7.65551947e-06,4.50490398e-07,-1.85249565e-76,7.49981704e-01
3.73125000e-02,2.10354069e+03,1.39421737e+01,2.53615528e-03,4.94748871e-04,2.49478314e-03,2.05584487e-02,9.47194152e-03,2.14454198e-01,8.30216117e-06,4.81752757e-07,-1.85250146e-76,7.49980941e-01
3.75000000e-02,2.08124534e+03,1.38167605e+01,2.62857468e-03,5.45488596e-04,2.71673066e-03,2.14909285e-02,9.64106181e-03,2.12987670e-01,9.07920030e-06,5.21059298e-07,-1.85250839e-76,7.49979946e-01
3.76875000e-02,2.05512879e+03,1.36690494e+01,2.73018737e-03,6.07132802e-04,2.97996043e-03,2.25683063e-02,9.80200062e-03,2.11323212e-01,1.00294560e-05,5.72080387e-07,-1.85251666e-76,7.49978599e-01
3.77812500e-02,2.03973820e+03,1.35813002e+01,2.78561214e-03,6.44109024e-04,3.13492655e-03,2.31956471e-02,9.87665734e-03,2.10374667e-01,1.06080716e-05,6.04914220e-07,-1.85252025e-76,7.49977168e-01
3.78750000e-02,2.02268071e+03,1.34836658e+01,2.84418810e-03,6.85913244e-04,3.30717075e-03,2.38847731e-02,9.94424464e-03,2.09346106e-01,1.12663338e-05,6.44049789e-07,-1.85252480e-76,7.49975694e-01
3.79687500e-02,2.00370346e+03,1.33746116e+01,2.90604058e-03,7.33468583e-04,3.49928796e-03,2.46443037e-02,1.00016686e-02,2.08228445e-01,1.20197817e-05,6.91347130e-07,-1.85253047e-76,7.49974075e-01
3.80625000e-02,1.98244173e+03,1.32518871e+01,2.97126586e-03,7.88010738e-04,3.71466050e-03,2.54868525e-02,1.00445981e-02,2.07008834e-01,1.28902863e-05,7.49575466e-07,-1.85253710e-76,7.49972139e-01
3.81562500e-02,1.95840330e+03,1.31124339e+01,3.03989888e-03,8.51205208e-04,3.95759981e-03,2.64293769e-02,1.00669766e-02,2.05670508e-01,1.39080912e-05,8.22918702e-07,-1.85254451e-76,7.49969703e-01
3.82500000e-02,1.93092211e+03,1.29520882e+01,3.11185185e-03,9.25337872e-04,4.23357683e-03,2.74947894e-02,1.00601548e-02,2.04191716e-01,1.51158638e-05,9.17924596e-07,-1.85255261e-76,7.49966539e-01
3.83437500e-02,1.89907473e+03,1.27650371e+01,3.18681996e-03,1.01362722e-03,4.54943809e-03,2.87152230e-02,1.00115261e-02,2.02543458e-01,1.65758991e-05,1.04532479e-06,-1.85256121e-76,7.49962286e-01
3.83906250e-02,1.88061169e+03,1.26556945e+01,3.22532961e-03,1.06531941e-03,4.72791869e-03,2.94176084e-02,9.96209780e-03,2.01624721e-01,1.74531377e-05,1.12877241e-06,-1.85256319e-76,7.49958423e-01
3.84375000e-02,1.86027506e+03,1.25346653e+01,3.26448857e-03,1.12290365e-03,4.92082866e-03,3.01899125e-02,9.89147437e-03,2.00637118e-01,1.84481955e-05,1.22992915e-06,-1.85256420e-76,7.49953596e-01
3.84843750e-02,1.83778161e+03,1.24001336e+01,3.30449320e-03,1.18737821e-03,5.12903387e-03,3.10481899e-02,9.79425000e-03,1.99568390e-01,1.95882816e-05,1.35428143e-06,-1.85256392e-76,7.49947323e-01
3.85312500e-02,1.81273350e+03,1.22495114e+01,3.34610647e-03,1.25992570e-03,5.35280588e-03,3.20216224e-02,9.66243551e-03,1.98396358e-01,2.09156950e-05,1.50978834e-06,-1.85256072e-76,7.49938321e-01
3.85781250e-02,1.78458508e+03,1.20792072e+01,3.39161706e-03,1.34182895e-03,5.59073896e-03,3.31657114e-02,9.48389576e-03,1.97078150e-01,2.25001550e-05,1.70813000e-06,-1.85255053e-76,7.49923849e-01
3.86250000e-02,1.75257428e+03,1.18841450e+01,3.44720985e-03,1.43414248e-03,5.83768383e-03,3.45923928e-02,9.23966257e-03,1.95524395e-01,2.44658288e-05,1.96660041e-06,-1.85252393e-76,7.49898081e-01
3.86484375e-02,1.73445676e+03,1.17727956e+01,3.48530022e-03,1.48428376e-03,5.95983349e-03,3.55293872e-02,9.07741682e-03,1.94563947e-01,2.57040383e-05,2.12862521e-06,-1.85249228e-76,7.49871999e-01
3.86718750e-02,1.71473802e+03,1.16508896e+01,3.53503157e-03,1.53665287e-03,6.07722827e-03,3.66827763e-02,8.88212987e-03,1.93423523e-01,2.71793451e-05,2.31823093e-06,-1.85244120e-76,7.49833161e-01
3.86953125e-02,1.69315923e+03,1.15166291e+01,3.60380806e-03,1.59034355e-03,6.18432972e-03,3.81516956e-02,8.64566284e-03,1.92016950e-01,2.89855382e-05,2.54129755e-06,-1.85235979e-76,7.49775683e-01
3.87187500e-02,1.66936687e+03,1.13675496e+01,3.70310070e-03,1.64371097e-03,6.27317155e-03,4.00832674e-02,8.35777700e-03,1.90213912e-01,3.12637342e-05,2.80528346e-06,-1.85223113e-76,7.49690991e-01
3.87421875e-02,1.64287914e+03,1.12002884e+01,3.85037026e-03,1.69397855e-03,6.33247996e-03,4.26925372e-02,8.00618744e-03,1.87820060e-01,3.42249755e-05,3.11982426e-06,-1.85202899e-76,7.49567042e-01
3.87656250e-02,1.61303918e+03,1.10102686e+01,4.07146944e-03,1.73673379e-03,6.34666417e-03,4.62853339e-02,7.57711711e-03,1.84553165e-01,3.81789016e-05,3.49761083e-06,-1.85171342e-76,7.49387840e-01
3.87890625e-02,1.57895622e+03,1.07913118e+01,4.40316443e-03,1.76537761e-03,6.29494121e-03,5.12781869e-02,7.05653604e-03,1.80020301e-01,4.35627832e-05,3.95529831e-06,-1.85122537e-76,7.49133974e-01
3.88007812e-02,1.55971110e+03,1.06665653e+01,4.63105406e-03,1.77074417e-03,6.23206392e-03,5.45741710e-02,6.75396498e-03,1.77028474e-01,4.70661026e-05,4.22497615e-06,-1.85086978e-76,7.48958237e-01
3.88125000e-02,1.53880056e+03,1.05303050e+01,4.90826930e-03,1.76864921e-03,6.13965034e-03,5.84832153e-02,6.42301335e-03,1.73471934e-01,5.12124931e-05,4.52615747e-06,-1.85042255e-76,7.48749530e-01
3.88242188e-02,1.51601253e+03,1.03811001e+01,5.24320352e-03,1.75750126e-03,6.01221735e-03,6.30870410e-02,6.06368274e-03,1.69267792e-01,5.61041710e-05,4.86315232e-06,-1.84986590e-76,7.48507595e-01
3.88359375e-02,1.49111164e+03,1.02173757e+01,5.64449044e-03,1.73565053e-03,5.84387712e-03,6.84643773e-02,5.67657923e-03,1.64334387e-01,6.18475834e-05,5.24009016e-06,-1.84918178e-76,7.48233551e-01
3.88476563e-02,1.46384457e+03,1.00374598e+01,6.12048418e-03,1.70148968e-03,5.62879251e-03,7.46823609e-02,5.26325362e-03,1.58598501e-01,6.85483902e-05,5.66063293e-06,-1.84835348e-76,7.47930909e-01
3.88593750e-02,1.43394911e+03,9.83965575e+00,6.67855536e-03,1.65359357e-03,5.36185382e-03,8.17856272e-02,4.82649263e-03,1.52004822e-01,7.63052273e-05,6.12879251e-06,-1.84736844e-76,7.47606622e-01
3.88710938e-02,1.40116734e+03,9.62234262e+00,7.32423015e-03,1.59089408e-03,5.03960661e-03,8.97835965e-02,4.37057625e-03,1.44527177e-01,8.52025339e-05,6.65397125e-06,-1.84622278e-76,7.47272063e-01
3.88769531e-02,1.38355133e+03,9.50541679e+00,7.68154919e-03,1.55374460e-03,4.85651083e-03,9.41253874e-02,4.13736681e-03,1.40444759e-01,9.01252940e-05,6.95148834e-06,-1.84558089e-76,7.47103606e-01
3.88828125e-02,1.36508796e+03,9.38280553e+00,8.06194228e-03,1.51271062e-03,4.65900749e-03,9.86828110e-02,3.90179988e-03,1.36140810e-01,9.53731263e-05,7.28195680e-06,-1.84489756e-76,7.46938263e-01
3.88886719e-02,1.34575564e+03,9.25440417e+00,8.46515716e-03,1.46785050e-03,4.44763470e-03,1.03439007e-01,3.66515400e-03,1.31626914e-01,1.00953092e-04,7.66072537e-06,-1.84417865e-76,7.46779668e-01
3.88945313e-02,1.32553638e+03,9.12013423e+00,8.89066609e-03,1.41928015e-03,4.22323399e-03,1.08373033e-01,3.42885960e-03,1.26918303e-01,1.06872586e-04,8.11129831e-06,-1.84343198e-76,7.46631641e-01
3.89003906e-02,1.30441645e+03,8.97994705e+00,9.33765623e-03,1.36717576e-03,3.98698354e-03,1.13459844e-01,3.19449885e-03,1.22033895e-01,1.13140497e-04,8.66805395e-06,-1.84266753e-76,7.46498138e-01
3.89062500e-02,1.28238690e+03,8.83382626e+00,9.80502966e-03,1.31177481e-03,3.74041635e-03,1.18670483e-01,2.96379368e-03,1.16996183e-01,1.19768440e-04,9.37903018e-06,-1.84189749e-76,7.46383172e-01
3.89121094e-02,1.25944405e+03,8.68178900e+00,1.02914142e-02,1.25337487e-03,3.48542157e-03,1.23972493e-01,2.73858129e-03,1.11830939e-01,1.26772282e-04,1.03084734e-05,-1.84113633e-76,7.46290695e-01
3.89179687e-02,1.23558971e+03,8.52388553e+00,1.07951862e-02,1.19233010e-03,3.22422779e-03,1.29330558e-01,2.52077629e-03,1.06566744e-01,1.34174012e-04,1.15387811e-05,-1.84040056e-76,7.46224464e-01
3.89238281e-02,1.21083129e+03,8.36019724e+00,1.13145039e-02,1.12904520e-03,2.95936698e-03,1.34707368e-01,2.31232016e-03,1.01234339e-01,1.42003954e-04,1.31714426e-05,-1.83970847e-76,7.46187882e-01
3.89296875e-02,1.18518162e+03,8.19083301e+00,1.18473528e-02,1.06396722e-03,2.69361903e-03,1.40064674e-01,2.11511913e-03,9.58658118e-02,1.50303310e-04,1.53265908e-05,-1.83907965e-76,7.46183826e-01
3.89355469e-02,1.15865860e+03,8.01592403e+00,1.23915984e-02,9.97575160e-04,2.42993768e-03,1.45364489e-01,1.93097355e-03,9.04936708e-02,1.59127027e-04,1.81408071e-05,-1.83853433e-76,7.46214487e-01
3.89414062e-02,1.13128466e+03,7.83561750e+00,1.29450458e-02,9.30368175e-04,2.17135982e-03,1.50570371e-01,1.76150232e-03,8.51498292e-02,1.68546953e-04,2.17628685e-05,-1.83809260e-76,7.46281214e-01
3.89472656e-02,1.10308599e+03,7.65006946e+00,1.35055017e-02,8.62852884e-04,1.92090143e-03,1.55648707e-01,1.60806736e-03,7.98645798e-02,1.78655309e-04,2.63471874e-05,-1.83777355e-76,7.46384387e-01
3.89531250e-02,1.07409175e+03,7.45943765e+00,1.40708352e-02,7.95530646e-04,1.68144463e-03,1.60569918e-01,1.47170273e-03,7.46656189e-02,1.89568502e-04,3.20447975e-05,-1.83759433e-76,7.46523336e-01
3.89589844e-02,1.04433321e+03,7.26387489e+00,1.46390338e-02,7.28885662e-04,1.45562134e-03,1.65309478e-01,1.35305275e-03,6.95771931e-02,2.01431291e-04,3.89919100e-05,-1.83756933e-76,7.46696312e-01
3.89648437e-02,1.01384292e+03,7.06352390e+00,1.52082497e-02,6.63374765e-04,1.24569992e-03,1.69848691e-01,1.25232192e-03,6.46194351e-02,2.14421034e-04,4.72963169e-05,-1.83770934e-76,7.46900510e-01
3.89707031e-02,9.82654458e+02,6.85851624e+00,1.57768353e-02,5.99419630e-04,1.05348206e-03,1.74175136e-01,1.16923762e-03,5.98079490e-02,2.28750520e-04,5.70222408e-05,-1.83802105e-76,7.47132167e-01
3.89765625e-02,9.50803702e+02,6.64898390e+00,1.63433628e-02,5.37402001e-04,8.80217309e-04,1.78282755e-01,1.10302670e-03,5.51536892e-02,2.44663386e-04,6.81745590e-05,-1.83850664e-76,7.47386709e-01
3.89794922e-02,9.34637776e+02,6.54254192e+00,1.66254155e-02,5.07251358e-04,8.01114699e-04,1.80251830e-01,1.07592759e-03,5.28893863e-02,2.53336642e-04,7.42835265e-05,-1.83881581e-76,7.47521455e-01
3.89824219e-02,9.18314193e+02,6.43498187e+00,1.69065296e-02,4.77715137e-04,7.27089752e-04,1.82164272e-01,1.05263142e-03,5.06680292e-02,2.62535972e-04,8.07293593e-05,-1.83916933e-76,7.47660468e-01
3.89853516e-02,9.01837552e+02,6.32631686e+00,1.71865863e-02,4.48829809e-04,6.58119594e-04,1.84021148e-01,1.03288025e-03,4.84897098e-02,2.72312267e-04,8.74874139e-05,-1.83956606e-76,7.47802926e-01
3.89882812e-02,8.85212475e+02,6.21655992e+00,1.74654791e-02,4.20629605e-04,5.94143409e-04,1.85823791e-01,1.01638487e-03,4.63543138e-02,2.82720490e-04,9.45267645e-05,-1.84000489e-76,7.47948011e-01
3.89912109e-02,8.68443708e+02,6.10572481e+00,1.77431120e-02,3.93146775e-04,5.35063350e-04,1.87573756e-01,1.00282197e-03,4.42615553e-02,2.93820185e-04,1.01809894e-04,-1.84048430e-76,7.48094914e-01
3.89941406e-02,8.51536247e+02,5.99382702e+00,1.80193984e-02,3.66411865e-04,4.80746225e-04,1.89272780e-01,9.91831558e-04,4.22110162e-02,3.05675753e-04,1.09292463e-04,-1.84100268e-76,7.48242847e-01
3.89970703e-02,8.34495477e+02,5.88088494e+00,1.82942592e-02,3.40454029e-04,4.31025929e-04,1.90922730e-01,9.83014364e-04,4.02021882e-02,3.18356546e-04,1.16923152e-04,-1.84155825e-76,7.48391048e-01
3.90000000e-02,8.17327341e+02,5.76692115e+00,1.85676209e-02,3.15301354e-04,3.85706546e-04,1.92525555e-01,9.75929493e-04,3.82345185e-02,3.31936740e-04,1.24643584e-04,-1.84214907e-76,7.48538788e-01
3.90029297e-02,8.00038534e+02,5.65196395e+00,1.88394134e-02,2.90981188e-04,3.44566101e-04,1.94083226e-01,9.70092343e-04,3.63074581e-02,3.46494901e-04,1.32388326e-04,-1.84277318e-76,7.48685380e-01
3.90058594e-02,7.82636722e+02,5.53604905e+00,1.91095681e-02,2.67520454e-04,3.07360845e-04,1.95597687e-01,9.64973210e-04,3.44205117e-02,3.62113105e-04,1.40084963e-04,-1.84342869e-76,7.48830180e-01
3.90087891e-02,7.65130796e+02,5.41922147e+00,1.93780152e-02,2.44945937e-04,2.73829999e-04,1.97070794e-01,9.59997060e-04,3.25732886e-02,3.78875419e-04,1.47654272e-04,-1.84411345e-76,7.48972600e-01
3.90117188e-02,7.47531153e+02,5.30153775e+00,1.96446815e-02,2.23284507e-04,2.43700830e-04,1.98504257e-01,9.54545179e-04,3.07655528e-02,3.96865474e-04,1.55010498e-04,-1.84482611e-76,7.49112102e-01
3.90146484e-02,7.29850017e+02,5.18306830e+00,1.99094879e-02,2.02563267e-04,2.16693946e-04,1.99899588e-01,9.47959575e-04,2.89972721e-02,4.16162760e-04,1.62061766e-04,-1.84556429e-76,7.49248211e-01
3.90175781e-02,7.12101786e+02,5.06390000e+00,2.01723469e-02,1.82809578e-04,1.92528648e-04,2.01258044e-01,9.39551224e-04,2.72686628e-02,4.36837186e-04,1.68710678e-04,-1.84632797e-76,7.49380509e-01
3.90205078e-02,6.94303413e+02,4.94413911e+00,2.04331606e-02,1.64050927e-04,1.70928211e-04,2.02580578e-01,9.28613331e-04,2.55802294e-02,4.58941328e-04,1.74855161e-04,-1.84709927e-76,7.49508643e-01
3.90234375e-02,6.76474813e+02,4.82391429e+00,2.06918183e-02,1.46314605e-04,1.51624920e-04,2.03867795e-01,9.14440815e-04,2.39327961e-02,4.82499698e-04,1.80389644e-04,-1.84791953e-76,7.49632321e-01
3.90263672e-02,6.58639288e+02,4.70337976e+00,2.09481951e-02,1.29627142e-04,1.34364718e-04,2.05119912e-01,8.96357023e-04,2.23275278e-02,5.07494352e-04,1.85206691e-04,-1.84875517e-76,7.49751315e-01
3.90292969e-02,6.40823958e+02,4.58271858e+00,2.12021505e-02,1.14013473e-04,1.18911309e-04,2.06336737e-01,8.73748224e-04,2.07659383e-02,5.33846218e-04,1.89199179e-04,-1.84962019e-76,7.49865456e-01
3.90322266e-02,6.23060181e+02,4.46214578e+00,2.14535271e-02,9.94958107e-05,1.05049554e-04,2.07517647e-01,8.46105585e-04,1.92498830e-02,5.61391891e-04,1.92263146e-04,-1.85051326e-76,7.49974637e-01
3.90351563e-02,6.05383930e+02,4.34191128e+00,2.17021512e-02,8.60922222e-05,9.25880451e-05,2.08661598e-01,8.13073052e-04,1.77815338e-02,5.89856240e-04,1.94301353e-04,-1.85144726e-76,7.50078806e-01
3.90380859e-02,5.87836104e+02,4.22230223e+00,2.19478323e-02,7.38149443e-05,8.13606911e-05,2.09767148e-01,7.74497830e-04,1.63633366e-02,6.18822330e-04,1.95227544e-04,-1.85242030e-76,7.50177960e-01
3.90410156e-02,5.70462718e+02,4.10364458e+00,2.21903645e-02,6.26685190e-05,7.12272310e-05,2.10832498e-01,7.30478188e-04,1.49979494e-02,6.47701712e-04,1.94971221e-04,-1.85345859e-76,7.50272141e-01
3.90439453e-02,5.53314919e+02,3.98630334e+00,2.24295277e-02,5.26478774e-05,6.20725775e-05,2.11855572e-01,6.81401332e-04,1.36881642e-02,6.75710224e-04,1.93482607e-04,-1.85457537e-76,7.50361421e-01
3.90468750e-02,5.36448763e+02,3.87068114e+00,2.26650892e-02,4.37365585e-05,5.38049659e-05,2.12834111e-01,6.27962841e-04,1.24368151e-02,7.01856588e-04,1.90737257e-04,-1.85580640e-76,7.50445887e-01
3.90498047e-02,5.19924686e+02,3.75721445e+00,2.28968054e-02,3.59052925e-05,4.63529611e-05,2.13765789e-01,5.71159140e-04,1.12466753e-02,7.24952751e-04,1.86739658e-04,-1.85711740e-76,7.50525621e-01
3.90527344e-02,5.03806587e+02,3.64636710e+00,2.31244233e-02,2.91111914e-05,3.96614855e-05,2.14648353e-01,5.12246649e-04,1.01203494e-02,7.43655159e-04,1.81525160e-04,-1.85860670e-76,7.50600675e-01
3.90556641e-02,4.88160491e+02,3.53862059e+00,2.33476816e-02,2.32977685e-05,3.36871673e-05,2.15479754e-01,4.52665750e-04,9.06016264e-03,7.56543829e-04,1.75159775e-04,-1.86034523e-76,7.50671048e-01
3.90585938e-02,4.73052755e+02,3.43446113e+00,2.35663121e-02,1.83959315e-05,2.83934375e-05,2.16258276e-01,3.93934285e-04,8.06805255e-03,7.62240350e-04,1.67737805e-04,-1.86236015e-76,7.50736658e-01
3.90615234e-02,4.58547874e+02,3.33436361e+00,2.37800402e-02,1.43259750e-05,2.37458984e-05,2.16982639e-01,3.37522660e-04,7.14546362e-03,7.59556946e-04,1.59377788e-04,-1.86469441e-76,7.50797328e-01
3.90644531e-02,4.44705991e+02,3.23877343e+00,2.39885860e-02,1.10004455e-05,1.97084975e-05,2.17652072e-01,2.84728497e-04,6.29324950e-03,7.47657820e-04,1.50217718e-04,-1.86736856e-76,7.50852780e-01
3.90673828e-02,4.31580307e+02,3.14808751e+00,2.41916671e-02,8.32761286e-06,1.62409415e-05,2.18266345e-01,2.36571082e-04,5.51158638e-03,7.26204556e-04,1.40410569e-04,-1.87037281e-76,7.50902647e-01
3.90703125e-02,4.19214634e+02,3.06263624e+00,2.43890013e-02,6.21517443e-06,1.32975866e-05,2.18825780e-01,1.93722981e-04,4.79990513e-03,6.95453396e-04,1.30120838e-04,-1.87365982e-76,7.50946503e-01
3.90732422e-02,4.07641381e+02,2.98266851e+00,2.45803120e-02,4.57379153e-06,1.08277760e-05,2.19331238e-01,1.56488572e-04,4.15685141e-03,6.56277090e-04,1.19521998e-04,-1.87254505e-76,7.50983910e-01
3.90747070e-02,4.02166029e+02,2.94484874e+00,2.46736198e-02,3.89886138e-06,9.75371940e-06,2.19563574e-01,1.40009912e-04,3.86095401e-03,6.33952456e-04,1.14170243e-04,-1.87255545e-76,7.51000067e-01
3.90761719e-02,3.96900436e+02,2.90849137e+00,2.47653094e-02,3.31180784e-06,8.78039398e-06,2.19782434e-01,1.24934492e-04,3.58193860e-03,6.10047156e-04,1.08808954e-04,-1.87144585e-76,7.51014435e-01
3.90776367e-02,3.91844574e+02,2.87359759e+00,2.48553553e-02,2.80335191e-06,7.90060123e-06,2.19988107e-01,1.11214463e-04,3.31935836e-03,5.84822978e-04,1.03461657e-04,-1.87044881e-76,7.51026976e-01
3.90791016e-02,3.86998235e+02,2.84016774e+00,2.49437201e-02,2.36483495e-06,7.10728162e-06,2.20180890e-01,9.87901652e-05,3.07276554e-03,5.58560055e-04,9.81525889e-05,-1.86917986e-76,7.51037649e-01
3.90805664e-02,3.82359964e+02,2.80819308e+00,2.50303760e-02,1.98819515e-06,6.39347073e-06,2.20361126e-01,8.75910360e-05,2.84164560e-03,5.31541287e-04,9.29049674e-05,-1.86753129e-76,7.51046433e-01
3.90820313e-02,3.77927527e+02,2.77765921e+00,2.51152979e-02,1.66601602e-06,5.75243097e-06,2.20529185e-01,7.75394661e-05,2.62545020e-03,5.04047835e-04,8.77411756e-05,-1.86560721e-76,7.51053320e-01
3.90834961e-02,3.73697962e+02,2.74854642e+00,2.51984630e-02,1.39152489e-06,5.17770745e-06,2.20685461e-01,6.85534265e-05,2.42360240e-03,4.76352503e-04,8.26824534e-05,-1.86109854e-76,7.51058316e-01
3.90849609e-02,3.69667643e+02,2.72083014e+00,2.52798520e-02,1.15858075e-06,4.66317305e-06,2.20830376e-01,6.05488362e-05,2.23550209e-03,4.48713803e-04,7.77485887e-05,-1.85618248e-76,7.51061437e-01
3.90864258e-02,3.65832344e+02,2.69448140e+00,2.53594481e-02,9.61653574e-07,4.20306244e-06,2.20964369e-01,5.34416174e-05,2.06053166e-03,4.21370940e-04,7.29576284e-05,-1.85082456e-76,7.51062716e-01
3.90878906e-02,3.62187312e+02,2.66946740e+00,2.54372384e-02,7.95796354e-07,3.79199490e-06,2.21087900e-01,4.71494056e-05,1.89806162e-03,3.94539852e-04,6.83256252e-05,-1.84511572e-76,7.51062197e-01
3.90893555e-02,3.58727343e+02,2.64575197e+00,2.55132127e-02,6.56611965e-07,3.42498686e-06,2.21201444e-01,4.15929124e-05,1.74745610e-03,3.68410409e-04,6.38664341e-05,-1.83872893e-76,7.51059935e-01
3.90908203e-02,3.55446850e+02,2.62329614e+00,2.55873648e-02,5.40216017e-07,3.09745494e-06,2.21305490e-01,3.66969499e-05,1.60807808e-03,3.43144742e-04,5.95915676e-05,-1.83203283e-76,7.51055996e-01
3.90922852e-02,3.52339940e+02,2.60205862e+00,2.56596915e-02,4.43197343e-07,2.80521104e-06,2.21400533e-01,3.23911478e-05,1.47929428e-03,3.18876654e-04,5.55101173e-05,-1.82508419e-76,7.51050455e-01
3.90937500e-02,3.49400478e+02,2.58199634e+00,2.57301933e-02,3.62577184e-07,2.54445065e-06,2.21487074e-01,2.86103961e-05,1.36047961e-03,2.95712003e-04,5.16287405e-05,-1.81790557e-76,7.51043395e-01
3.90966797e-02,3.43992266e+02,2.54517246e+00,2.58657538e-02,2.42532722e-07,2.10471337e-06,2.21637203e-01,2.24049580e-05,1.14989378e-03,2.52786990e-04,4.44540058e-05,-1.69530549e-76,7.51025156e-01
3.90996094e-02,3.39160326e+02,2.51238498e+00,2.59942077e-02,1.61019779e-07,1.75102484e-06,2.21760521e-01,1.76043263e-05,9.70786676e-04,2.14681685e-04,3.80707649e-05,-1.56081065e-76,7.51002216e-01
3.91025391e-02,3.34856069e+02,2.48329121e+00,2.61156719e-02,1.06246213e-07,1.46547698e-06,2.21860497e-01,1.38911546e-05,8.19154268e-04,1.81417871e-04,3.24641708e-05,-1.42341700e-76,7.50975331e-01
3.91054687e-02,3.31031803e+02,2.45755399e+00,2.62303020e-02,6.97557380e-08,1.23390330e-06,2.21940421e-01,1.10151944e-05,6.91315497e-04,1.52794499e-04,2.75961643e-05,-1.28519579e-76,7.50945252e-01
3.91083984e-02,3.27641652e+02,2.43484844e+00,2.63382866e-02,4.55866529e-08,1.04518293e-06,2.22003325e-01,8.78227897e-06,5.83939266e-04,1.28463866e-04,2.34123761e-05,-1.15573103e-76,7.50912700e-01
3.91113281e-02,3.24642202e+02,2.41486677e+00,2.64398417e-02,2.95949728e-08,8.90622255e-07,2.22051951e-01,7.04341027e-06,4.94051805e-04,1.07997060e-04,1.98486142e-05,-1.03235452e-76,7.50878346e-01
3.91171875e-02,3.19636877e+02,2.38180428e+00,2.66247927e-02,1.33202088e-08,6.58879435e-07,2.22116867e-01,4.63972426e-06,3.55516152e-04,7.64330754e-05,1.42382850e-05,-8.12758317e-77,7.50806840e-01
3.91230469e-02,3.15694152e+02,2.35608092e+00,2.67877532e-02,6.17987692e-09,4.95144620e-07,2.22152185e-01,3.10451789e-06,2.56976189e-04,5.42526384e-05,1.02048477e-05,-6.33633915e-77,7.50735023e-01
3.91289062e-02,3.12599838e+02,2.33618404e+00,2.69307686e-02,2.93809029e-09,3.77657187e-07,2.22167753e-01,2.10959014e-06,1.87383091e-04,3.88856668e-05,7.35670510e-06,-4.90753648e-77,7.50665363e-01
3.91406250e-02,3.08232694e+02,2.30876273e+00,2.71659601e-02,9.74008161e-10,2.29267941e-07,2.22167256e-01,1.04123348e-06,1.02337151e-04,2.06387861e-05,3.89238968e-06,-2.92981189e-77,7.50538644e-01
3.91523437e-02,3.05438813e+02,2.29184644e+00,2.73474625e-02,3.90224934e-10,1.42775588e-07,2.22149699e-01,5.24760031e-07,5.67510344e-05,1.11737615e-05,2.08141797e-06,-1.74280992e-77,7.50432165e-01
3.91640625e-02,3.03658123e+02,2.28155659e+00,2.74867444e-02,1.75116810e-10,9.14529238e-08,2.22127304e-01,2.70420587e-07,3.25290789e-05,6.28937698e-06,1.15219970e-06,-1.05227947e-77,7.50345619e-01
3.91875000e-02,3.01742343e+02,2.27134670e+00,2.76770972e-02,4.98968262e-11,4.05600801e-08,2.22086771e-01,8.38522603e-08,1.18135471e-05,2.22221733e-06,3.93003858e-07,-4.08738229e-78,7.50221579e-01
3.92109375e-02,3.00851392e+02,2.26721254e+00,2.77942047e-02,1.50324119e-11,1.85591097e-08,2.22057666e-01,2.61577270e-08,4.42092504e-06,8.09978321e-07,1.37969796e-07,-1.61403324e-78,7.50142715e-01
3.92343750e-02,3.00437592e+02,2.26567084e+00,2.78659901e-02,4.60409747e-12,9.00587935e-09,2.22038366e-01,8.22713527e-09,1.79613879e-06,3.22396672e-07,5.29711737e-08,-6.81761750e-79,7.50093456e-01
3.92812500e-02,3.00134533e+02,2.26500053e+00,2.79395375e-02,7.00475810e-13,2.53918903e-09,2.22017625e-01,1.26202546e-09,3.89628823e-07,6.72639026e-08,1.06195536e-08,-1.54056118e-79,7.50042366e-01
3.93281250e-02,3.00042932e+02,2.26502000e+00,2.79718975e-02,1.07033273e-13,7.42921241e-10,2.22008262e-01,1.92783846e-10,8.75145122e-08,1.44246750e-08,2.20395913e-09,-3.47996637e-80,7.50019735e-01
3.93750000e-02,3.00015242e+02,2.26512345e+00,2.79861225e-02,1.53614886e-14,2.44125930e-10,2.22004095e-01,2.77489052e-11,2.27429852e-08,3.59194125e-09,5.33675359e-10,-8.01350358e-81,7.50009755e-01
3.94687500e-02,3.00002829e+02,2.26524426e+00,2.79958874e-02,9.57432868e-16,4.08473088e-11,2.22001217e-01,1.69527452e-12,2.81293533e-09,4.16471750e-10,6.05301148e-11,6.27669344e-82,7.50002893e-01
3.95625000e-02,3.00000619e+02,2.26528797e+00,2.79986365e-02,5.68862957e-17,8.11852516e-12,2.22000404e-01,9.34767525e-14,4.24409591e-10,5.90049322e-11,8.43240595e-12,1.71277982e-81,7.50000959e-01
3.97500000e-02,3.00000061e+02,2.26530877e+00,2.79997752e-02,1.95677805e-18,7.10379824e-13,2.22000067e-01,2.62418698e-15,2.70584257e-11,3.48780808e-12,4.93004710e-13,1.90071505e-81,7.50000158e-01
3.99375000e-02,3.00000006e+02,2.26531246e+00,2.79999617e-02,1.14222284e-19,6.32762622e-14,2.22000011e-01,1.23258200e-16,1.75619787e-12,2.08867464e-13,3.04824164e-14,1.91367186e-81,7.50000027e-01
4.01250000e-02,3.00000001e+02,2.26531309e+00,2.79999922e-02,1.06401129e-20,6.75771726e-15,2.22000002e-01,1.03427451e-17,1.45194689e-13,1.52261470e-14,3.53765168e-15,1.91489733e-81,7.50000005e-01
4.05000000e-02,3.00000000e+02,2.26531324e+00,2.79999993e-02,1.27986038e-23,6.90934600e-18,2.22000000e-01,1.15716826e-20,5.42755583e-15,-4.86898057e-16,1.40327741e-15,1.91489651e-81,7.50000000e-01
4.08750000e-02,3.00000000e+02,2.26531325e+00,2.79999999e-02,-4.65230730e-22,-3.02973510e-16,2.22000000e-01,-4.44622996e-19,8.32982058e-16,-9.61586528e-16,1.33924282e-15,1.91424049e-81,7.50000000e-01
4.12500000e-02,3.00000000e+02,2.26531325e+00,2.80000000e-02,-4.91648462e-22,-3.20147221e-16,2.22000000e-01,-4.69790622e-19,6.85314758e-16,-9.63553257e-16,1.33732166e-15,1.91317395e-81,7.50000000e-01
4.20000000e-02,3.00000000e+02,2.26531325e+00,2.80000000e-02,-5.02998663e-22,-3.27537749e-16,2.22000000e-01,-4.80633052e-19,6.85965930e-16,-9.37237031e-16,1.33724403e-15,1.91004553e-81,7.50000000e-01
4.35000000e-02,3.00000000e+02,2.26531325e+00,2.80000000e-02,-5.23522049e-22,-3.40913007e-16,2.22000000e-01,-5.00227926e-19,7.00867823e-16,-8.82130684e-16,1.33724244e-15,1.89899750e-81,7.50000000e-01
4.50000000e-02,3.00000000e+02,2.26531325e+00,2.80000000e-02,-5.44341586e-22,-3.54804771e-16,2.22000000e-01,-5.19640154e-19,7.16531146e-16,-8.24766729e-16,1.33724243e-15,1.87373709e-81,7.50000000e-01
4.80000000e-02,3.00000000e+02,2.26531325e+00,2.80000000e-02,-5.57317754e-22,-3.83724268e-16,2.22000000e-01,-5.03024048e-19,7.49079999e-16,-7.05463484e-16,1.33724242e-15,1.76962407e-81,7.50000000e-01
5.40000000e-02,3.00000000e+02,2.26531325e+00,2.80000000e-02,6.20051419e-21,-4.46278430e-16,2.22000000e-01,6.48226176e-18,8.12115296e-16,-4.61135381e-16,1.33724241e-15,1.24849250e-81,7.50000000e-01
6.00000000e-02,3.00000000e+02,2.26531325e+00,2.80000000e-02,4.17338366e-17,-5.19021537e-16,2.22000000e-01,8.48176575e-16,1.72117597e-18,-3.17387992e-15,1.33724195e-15,2.72414654e-83,7.50000000e-01

