mesh,h_3d,quantity,L1,L2,Linf,order_L1,order_L2,order_Linf
iv10,0.921007874660096,conservative.rho.dx,0.012610366245742877,0.041957239883584,0.2721545878996943,,,
iv10,0.921007874660096,conservative.rho.dy,0.012795676675642497,0.042037999958565955,0.27605169072378344,,,
iv10,0.921007874660096,conservative.rho.dz,0.0003565563568332233,0.0010035990635424723,0.00916753582476488,,,
iv10,0.921007874660096,conservative.rho.gradient,0.019537706556140302,0.059402109644736925,0.2856790810990173,,,
iv10,0.921007874660096,conservative.rho.value,0.0012711828173328752,0.003638114539796489,0.017091037412003907,,,
iv10,0.921007874660096,conservative.rhoE.dx,0.08148803123499308,0.23510751955460804,1.681285224455256,,,
iv10,0.921007874660096,conservative.rhoE.dy,0.0831658921662204,0.23603785089695314,1.665207679262609,,,
iv10,0.921007874660096,conservative.rhoE.dz,0.0021335495984643412,0.005677877732914475,0.04833148831623292,,,
iv10,0.921007874660096,conservative.rhoE.gradient,0.12676999347526516,0.3331991162994321,1.7771588059769698,,,
iv10,0.921007874660096,conservative.rhoE.value,0.006910044060406239,0.018206076101365796,0.0886468559164002,,,
iv10,0.921007874660096,conservative.rhou.dx,0.02789096597108217,0.0648414987760813,0.28445755411326523,,,
iv10,0.921007874660096,conservative.rhou.dy,0.04198674702983498,0.09744878731191509,0.5515712227875468,,,
iv10,0.921007874660096,conservative.rhou.dz,0.0009444583766578426,0.0020084810333074834,0.00939113585206498,,,
iv10,0.921007874660096,conservative.rhou.gradient,0.055848749037989046,0.11706716067348924,0.5571890834460985,,,
iv10,0.921007874660096,conservative.rhou.value,0.002392154347027146,0.005051249228303021,0.025017966122916846,,,
iv10,0.921007874660096,conservative.rhov.dx,0.04194341821202249,0.09790957763800433,0.5668399867658755,,,
iv10,0.921007874660096,conservative.rhov.dy,0.028113609478635084,0.06494354734482075,0.2777160569650838,,,
iv10,0.921007874660096,conservative.rhov.dz,0.0009438866816999673,0.0020009822161010603,0.009204162664124924,,,
iv10,0.921007874660096,conservative.rhov.gradient,0.05587775926706313,0.11750724941385755,0.5724594743381466,,,
iv10,0.921007874660096,conservative.rhov.value,0.00238660923928643,0.005085298568712329,0.0249855166102515,,,
iv10,0.921007874660096,conservative.rhow.dx,0.0,0.0,0.0,,,
iv10,0.921007874660096,conservative.rhow.dy,0.0,0.0,0.0,,,
iv10,0.921007874660096,conservative.rhow.dz,0.0,0.0,0.0,,,
iv10,0.921007874660096,conservative.rhow.gradient,0.0,0.0,0.0,,,
iv10,0.921007874660096,conservative.rhow.value,0.0,0.0,0.0,,,
iv10,0.921007874660096,primitive.p.dx,0.01574462064661153,0.060212729792410845,0.39356388773959844,,,
iv10,0.921007874660096,primitive.p.dy,0.01595843780026786,0.060285797143532875,0.3987832194558987,,,
iv10,0.921007874660096,primitive.p.dz,0.0004554699145163598,0.001495632184422025,0.015567752300948291,,,
iv10,0.921007874660096,primitive.p.gradient,0.02440768330313755,0.08521846678928312,0.4127030094731287,,,
iv10,0.921007874660096,primitive.p.value,0.0018392921199935886,0.005824435714752541,0.028384389676777644,,,
iv10,0.921007874660096,primitive.rho.dx,0.012610366245742877,0.041957239883584,0.2721545878996943,,,
iv10,0.921007874660096,primitive.rho.dy,0.012795676675642497,0.042037999958565955,0.27605169072378344,,,
iv10,0.921007874660096,primitive.rho.dz,0.0003565563568332233,0.0010035990635424723,0.00916753582476488,,,
iv10,0.921007874660096,primitive.rho.gradient,0.019537706556140302,0.059402109644736925,0.2856790810990173,,,
iv10,0.921007874660096,primitive.rho.value,0.0012711828173328752,0.003638114539796489,0.017091037412003907,,,
iv10,0.921007874660096,primitive.u.dx,0.023258151741959384,0.05496288671948448,0.2060702372683711,,,
iv10,0.921007874660096,primitive.u.dy,0.041361229808794676,0.09181350539020122,0.3808369684277748,,,
iv10,0.921007874660096,primitive.u.dz,0.0008556701313433044,0.0018859724200114142,0.008391126153489763,,,
iv10,0.921007874660096,primitive.u.gradient,0.05231738535343335,0.1070242756599849,0.38084996914492325,,,
iv10,0.921007874660096,primitive.u.value,0.002125305196186978,0.004631369946838229,0.02203198734599665,,,
iv10,0.921007874660096,primitive.v.dx,0.041359981800252854,0.09186225021636127,0.38443348494767715,,,
iv10,0.921007874660096,primitive.v.dy,0.023213047876623885,0.05490295420299037,0.20547621260684693,,,
iv10,0.921007874660096,primitive.v.dz,0.000852242839290166,0.001889386027036567,0.008480336650472035,,,
iv10,0.921007874660096,primitive.v.gradient,0.052323245424500946,0.1070354015015041,0.38443553950057646,,,
iv10,0.921007874660096,primitive.v.value,0.0020094808256103667,0.004326823403714377,0.02188237500773771,,,
iv10,0.921007874660096,primitive.w.dx,0.0,0.0,0.0,,,
iv10,0.921007874660096,primitive.w.dy,0.0,0.0,0.0,,,
iv10,0.921007874660096,primitive.w.dz,0.0,0.0,0.0,,,
iv10,0.921007874660096,primitive.w.gradient,0.0,0.0,0.0,,,
iv10,0.921007874660096,primitive.w.value,0.0,0.0,0.0,,,
iv20,0.4682527619525807,conservative.rho.dx,0.005134585164024787,0.01727551949598072,0.1328415080676843,1.328267272477235,1.3117702535345575,1.060244694897151
iv20,0.4682527619525807,conservative.rho.dy,0.0051376926750287925,0.017337184588712345,0.13316313550922415,1.3489383021535448,1.3093455981477584,1.077687964630309
iv20,0.4682527619525807,conservative.rho.dz,1.0532882792943071e-16,3.0308477218482356e-16,4.106177065840679e-15,,,
iv20,0.4682527619525807,conservative.rho.gradient,0.00800653223689772,0.024474916615161216,0.13382727344125322,1.3187595317117,1.3107656119998503,1.12101045727389
iv20,0.4682527619525807,conservative.rho.value,0.0001410699017461377,0.0004584532561227084,0.003693730127706907,3.249928225329248,3.062060498324471,2.26460779812217
iv20,0.4682527619525807,conservative.rhoE.dx,0.031291739496960735,0.09911347671284788,0.9209127858310799,1.4148678624214612,1.2769078346797693,0.8898503228410961
iv20,0.4682527619525807,conservative.rhoE.dy,0.03125717798965748,0.09913343927222719,0.9247116058942786,1.446630646319137,1.2824482140116562,0.8695605269646263
iv20,0.4682527619525807,conservative.rhoE.dz,5.890469704842473e-16,1.517603252277042e-15,1.867224526499375e-14,,,
iv20,0.4682527619525807,conservative.rhoE.gradient,0.048847611514205226,0.14018173935305747,0.9311456377445136,1.4097927414401978,1.279898435316541,0.9554965022456835
iv20,0.4682527619525807,conservative.rhoE.value,0.0008737859246606311,0.0026760862615876936,0.023610449679110967,3.0569358504816733,2.8344603239224613,1.9557261194830948
iv20,0.4682527619525807,conservative.rhou.dx,0.011149967021986534,0.026960019014863827,0.138068836695332,1.3553880881323068,1.2973278104084358,1.0685499512172947
iv20,0.4682527619525807,conservative.rhou.dy,0.015404978828411705,0.04027114917998535,0.3295501461865521,1.4822203089086914,1.3063465949057012,0.7613786168508976
iv20,0.4682527619525807,conservative.rhou.dz,2.809654009342945e-16,6.639565500274475e-16,5.8855533316450824e-15,,,
iv20,0.4682527619525807,conservative.rhou.gradient,0.020776166713505094,0.04846243990513122,0.32964336990926735,1.461786537834695,1.3037848182208127,0.775940939812712
iv20,0.4682527619525807,conservative.rhou.value,0.0003397145398507041,0.0008545166972613739,0.00577246083035432,2.88537823826413,2.626694720340876,2.16789608207848
iv20,0.4682527619525807,conservative.rhov.dx,0.015402639664156321,0.040209281170866945,0.3287461429776225,1.480918472404002,1.3155930517005663,0.805355709810179
iv20,0.4682527619525807,conservative.rhov.dy,0.011070178934588627,0.026881644216300026,0.15819263994841562,1.3777583215137865,1.3039562659705624,0.83195664937103
iv20,0.4682527619525807,conservative.rhov.dz,2.834789887784163e-16,7.032946307836357e-16,6.719161362982029e-15,,,
iv20,0.4682527619525807,conservative.rhov.gradient,0.02073515532423583,0.04836743830356911,0.3287520766558757,1.4654751826913182,1.3122324291764342,0.8199121326968848
iv20,0.4682527619525807,conservative.rhov.value,0.0003491054548012009,0.0008748761390036069,0.005671414514740625,2.8416371775013607,2.6018179932296306,2.1920837914334945
iv20,0.4682527619525807,conservative.rhow.dx,0.0,0.0,0.0,,,
iv20,0.4682527619525807,conservative.rhow.dy,0.0,0.0,0.0,,,
iv20,0.4682527619525807,conservative.rhow.dz,0.0,0.0,0.0,,,
iv20,0.4682527619525807,conservative.rhow.gradient,0.0,0.0,0.0,,,
iv20,0.4682527619525807,conservative.rhow.value,0.0,0.0,0.0,,,
iv20,0.4682527619525807,primitive.p.dx,0.006534059331072802,0.024798517253381176,0.1948400624986661,1.300106313164679,1.3113849608262766,1.0393283009016399
iv20,0.4682527619525807,primitive.p.dy,0.006545511659957167,0.024907276285901322,0.19529870019148166,1.3174580558180105,1.306708608678979,1.055328343796765
iv20,0.4682527619525807,primitive.p.dz,1.5029481286247948e-16,4.3025096272910756e-16,6.603387181077937e-15,,,
iv20,0.4682527619525807,primitive.p.gradient,0.010172967141795122,0.035147387811165484,0.19573604677944706,1.2937403570996835,1.3092679580763311,1.1027419140772021
iv20,0.4682527619525807,primitive.p.value,0.00018437252428708922,0.0006886461035005676,0.00596798931650433,3.4003142555590937,3.1562676369333547,2.3052781584434934
iv20,0.4682527619525807,primitive.rho.dx,0.005134585164024787,0.01727551949598072,0.1328415080676843,1.328267272477235,1.3117702535345575,1.060244694897151
iv20,0.4682527619525807,primitive.rho.dy,0.0051376926750287925,0.017337184588712345,0.13316313550922415,1.3489383021535448,1.3093455981477584,1.077687964630309
iv20,0.4682527619525807,primitive.rho.dz,1.0532882792943071e-16,3.0308477218482356e-16,4.106177065840679e-15,,,
iv20,0.4682527619525807,primitive.rho.gradient,0.00800653223689772,0.024474916615161216,0.13382727344125322,1.3187595317117,1.3107656119998503,1.12101045727389
iv20,0.4682527619525807,primitive.rho.value,0.0001410699017461377,0.0004584532561227084,0.003693730127706907,3.249928225329248,3.062060498324471,2.26460779812217
iv20,0.4682527619525807,primitive.u.dx,0.009108909091566865,0.02233162196722393,0.10929613491599871,1.3857467510728922,1.3314224191416393,0.937462246092664
iv20,0.4682527619525807,primitive.u.dy,0.015183291938960909,0.03637404416629243,0.1731170299303379,1.4814591281773535,1.3687483103834321,1.1654837475317241
iv20,0.4682527619525807,primitive.u.dz,2.912765775135606e-16,6.834057546523392e-16,6.074776263602319e-15,,,
iv20,0.4682527619525807,primitive.u.gradient,0.01954206596566962,0.04268222614506408,0.17386670403223187,1.4557532686945025,1.3589460264201962,1.1591464051362559
iv20,0.4682527619525807,primitive.u.value,0.0002963717773212733,0.0007324480128766299,0.004153977492908828,2.91230082011985,2.726273064356476,2.4664107346759456
iv20,0.4682527619525807,primitive.v.dx,0.01521415546312316,0.03634039832464813,0.17294604469768388,1.4784126228297945,1.3709009781337513,1.1808395296192915
iv20,0.4682527619525807,primitive.v.dy,0.009073617048328791,0.022194427100849207,0.10929027007736264,1.388615839261825,1.3389194745890727,0.9332740726203793
iv20,0.4682527619525807,primitive.v.dz,2.881736979625536e-16,7.196862283268462e-16,1.055988073490813e-14,,,
iv20,0.4682527619525807,primitive.v.gradient,0.01951567836491491,0.042581887519566305,0.17350695659086982,1.4579163128643775,1.3625789779074617,1.1760607064695032
iv20,0.4682527619525807,primitive.v.value,0.00030160653153009283,0.0007662592774356022,0.005350041242537351,2.8035765723901234,2.5590093207383164,2.082276154107347
iv20,0.4682527619525807,primitive.w.dx,0.0,0.0,0.0,,,
iv20,0.4682527619525807,primitive.w.dy,0.0,0.0,0.0,,,
iv20,0.4682527619525807,primitive.w.dz,0.0,0.0,0.0,,,
iv20,0.4682527619525807,primitive.w.gradient,0.0,0.0,0.0,,,
iv20,0.4682527619525807,primitive.w.value,0.0,0.0,0.0,,,
iv40,0.23604019455677508,conservative.rho.dx,0.0014583238380583526,0.005091670013589921,0.039945868643636195,1.8375183415726257,1.783465151881706,1.7541908558387351
iv40,0.23604019455677508,conservative.rho.dy,0.001471120394196664,0.00515834467253682,0.04001541906192135,1.8256475942811832,1.769674468511101,1.7551815151554642
iv40,0.23604019455677508,conservative.rho.dz,2.643627374625937e-16,8.828584293369732e-16,2.21745130174003e-14,,,
iv40,0.23604019455677508,conservative.rho.gradient,0.0023091677641078707,0.007248008229022622,0.040340733367928996,1.815123242389594,1.776512673659081,1.7506241096752684
iv40,0.23604019455677508,conservative.rho.value,1.3601994585287396e-05,4.477074134662568e-05,0.0003529334588775468,3.414625020335993,3.396033104884619,3.4278708606207524
iv40,0.23604019455677508,conservative.rhoE.dx,0.009133090886278063,0.030485039447077086,0.29295770979412783,1.7977210858420964,1.721195347665072,1.6720099537075992
iv40,0.23604019455677508,conservative.rhoE.dy,0.009236433923843641,0.030902515578004417,0.2932709042901749,1.7796821283648883,1.701633264907765,1.6764596486882637
iv40,0.23604019455677508,conservative.rhoE.dz,1.5552863081917124e-15,4.604998406691274e-15,1.0777217426420421e-13,,,
iv40,0.23604019455677508,conservative.rhoE.gradient,0.014417710075032942,0.04340856020577779,0.3207090304628023,1.7813682336736822,1.7113468048611955,1.55601735489765
iv40,0.23604019455677508,conservative.rhoE.value,8.583170417517387e-05,0.0002846609048771372,0.0027221550585077026,3.3874834757595744,3.271229092061482,3.1536440689134193
iv40,0.23604019455677508,conservative.rhou.dx,0.0031678152704804324,0.008047622692812164,0.05415106017157184,1.837055637682347,1.764915965536613,1.3663743727455764
iv40,0.23604019455677508,conservative.rhou.dy,0.004568232300395336,0.012488550979651104,0.10827161480435843,1.774530728517656,1.7092153652495792,1.624927800102849
iv40,0.23604019455677508,conservative.rhou.dz,6.810081643074083e-16,1.6826548060186172e-15,2.492887715504845e-14,,,
iv40,0.23604019455677508,conservative.rhou.gradient,0.006057419903620962,0.014856922177127065,0.10827161851698862,1.7992868789952952,1.7260037668877237,1.625340654009912
iv40,0.23604019455677508,conservative.rhou.value,3.309533316438089e-05,9.351890841533321e-05,0.0007275703014897328,3.399551161039431,3.2297118087592445,3.0235395366089124
iv40,0.23604019455677508,conservative.rhov.dx,0.004540686845622664,0.012393999088353357,0.10813362917576375,1.783138214220775,1.7180655407899574,1.6232235413278748
iv40,0.23604019455677508,conservative.rhov.dy,0.003184874334061269,0.008124657565966545,0.05428318230769247,1.81873127438388,1.7467582299479176,1.5614445150630938
iv40,0.23604019455677508,conservative.rhov.dz,7.477584678701307e-16,2.0907427861717137e-15,5.2553718479820285e-14,,,
iv40,0.23604019455677508,conservative.rhov.gradient,0.0060511809440487105,0.014819624622989667,0.10813396299078033,1.7979067256822043,1.7268086765778186,1.6232453837672136
iv40,0.23604019455677508,conservative.rhov.value,3.335881571084567e-05,9.656246646744028e-05,0.0009321581463006545,3.4277823927527256,3.2173320702928083,2.636022169886638
iv40,0.23604019455677508,conservative.rhow.dx,0.0,0.0,0.0,,,
iv40,0.23604019455677508,conservative.rhow.dy,0.0,0.0,0.0,,,
iv40,0.23604019455677508,conservative.rhow.dz,0.0,0.0,0.0,,,
iv40,0.23604019455677508,conservative.rhow.gradient,0.0,0.0,0.0,,,
iv40,0.23604019455677508,conservative.rhow.value,0.0,0.0,0.0,,,
iv40,0.23604019455677508,primitive.p.dx,0.0018445924407504912,0.007304839364901639,0.058692530812217814,1.8463630881606656,1.784285933429178,1.7516143228589822
iv40,0.23604019455677508,primitive.p.dy,0.001863770974302245,0.007408110423934109,0.05879100053479824,1.8338196843050343,1.7701806142203063,1.7525994775130516
iv40,0.23604019455677508,primitive.p.dz,3.633234609954703e-16,1.2510640066640361e-15,3.4405467444973153e-14,,,
iv40,0.23604019455677508,primitive.p.gradient,0.002923868438026578,0.010403882842488107,0.05990125214192135,1.8201681914541024,1.777168340684683,1.7285533444689205
iv40,0.23604019455677508,primitive.p.value,1.8566345090899207e-05,6.559262823298287e-05,0.0005435699706939912,3.351222200332756,3.432471727859585,3.4977889919472
iv40,0.23604019455677508,primitive.rho.dx,0.0014583238380583526,0.005091670013589921,0.039945868643636195,1.8375183415726257,1.783465151881706,1.7541908558387351
iv40,0.23604019455677508,primitive.rho.dy,0.001471120394196664,0.00515834467253682,0.04001541906192135,1.8256475942811832,1.769674468511101,1.7551815151554642
iv40,0.23604019455677508,primitive.rho.dz,2.643627374625937e-16,8.828584293369732e-16,2.21745130174003e-14,,,
iv40,0.23604019455677508,primitive.rho.gradient,0.0023091677641078707,0.007248008229022622,0.040340733367928996,1.815123242389594,1.776512673659081,1.7506241096752684
iv40,0.23604019455677508,primitive.rho.value,1.3601994585287396e-05,4.477074134662568e-05,0.0003529334588775468,3.414625020335993,3.396033104884619,3.4278708606207524
iv40,0.23604019455677508,primitive.u.dx,0.0026391318488861483,0.006507472919973785,0.03425988136915403,1.8084552494151007,1.8000605293155052,1.6935410439984246
iv40,0.23604019455677508,primitive.u.dy,0.004418873196025419,0.01120473131825153,0.061766261246256726,1.8018975570076108,1.7189909147124016,1.5045274901699222
iv40,0.23604019455677508,primitive.u.dz,6.93401681400712e-16,1.725786676633151e-15,2.8994056566669686e-14,,,
iv40,0.23604019455677508,primitive.u.gradient,0.00566229355422531,0.012957361140232153,0.061766278332670704,1.8083638658298424,1.7403034390342802,1.5108352013491844
iv40,0.23604019455677508,primitive.u.value,3.11355959899874e-05,8.913030539312074e-05,0.0007538250763213794,3.2894054969741453,3.0748527045453806,2.4914539540651344
iv40,0.23604019455677508,primitive.v.dx,0.004396563678843058,0.011149046337937734,0.061730749915775984,1.812250957827654,1.7249131102110953,1.5039244624644106
iv40,0.23604019455677508,primitive.v.dy,0.0026391849556975672,0.0065082414072146185,0.0342884579052527,1.8027588024526826,1.7908919111946553,1.6922455452209972
iv40,0.23604019455677508,primitive.v.dz,7.3152019729726725e-16,1.9730023823365676e-15,4.287945634251467e-14,,,
iv40,0.23604019455677508,primitive.v.gradient,0.005642874539390601,0.012909625883814958,0.061730754548365595,1.8114064898061333,1.742255585113725,1.508651359804951
iv40,0.23604019455677508,primitive.v.value,3.139612247882557e-05,9.080964360356818e-05,0.0007456433930184136,3.302800930906969,3.113483228773454,2.8767802103035183
iv40,0.23604019455677508,primitive.w.dx,0.0,0.0,0.0,,,
iv40,0.23604019455677508,primitive.w.dy,0.0,0.0,0.0,,,
iv40,0.23604019455677508,primitive.w.dz,0.0,0.0,0.0,,,
iv40,0.23604019455677508,primitive.w.gradient,0.0,0.0,0.0,,,
iv40,0.23604019455677508,primitive.w.value,0.0,0.0,0.0,,,
iv80,0.11856838008968279,conservative.rho.dx,0.0003844908539612427,0.0013609449005962775,0.010865364685041123,1.936237108267343,1.9163444170953419,1.8909540779031164
iv80,0.11856838008968279,conservative.rho.dy,0.0003832587264129553,0.0013574072124619009,0.01086547802153437,1.9535879657112178,1.9390203734091302,1.8934655389900616
iv80,0.11856838008968279,conservative.rho.dz,4.777917699563025e-16,1.6375855612073254e-15,4.1572712408100955e-14,,,
iv80,0.11856838008968279,conservative.rho.gradient,0.0006034954101980316,0.0019221668405480798,0.01144013542541431,1.9489907385716712,1.9277413908878667,1.8303724597222653
iv80,0.11856838008968279,conservative.rho.value,9.947566759579278e-07,3.8419139281292785e-06,0.00010123430467023908,3.7987319814924283,3.5665075181531543,1.8138265972764298
iv80,0.11856838008968279,conservative.rhoE.dx,0.0024277890181420964,0.008269097220619439,0.08399042907038412,1.9243276730059264,1.8949709097710283,1.8145289110968583
iv80,0.11856838008968279,conservative.rhoE.dy,0.002420869409238372,0.008228108161366328,0.08404124543822888,1.9448152260212626,1.9219432110116694,1.8152023394801684
iv80,0.11856838008968279,conservative.rhoE.dz,2.859997007545815e-15,8.70078572708043e-15,2.0399061481777676e-13,,,
iv80,0.11856838008968279,conservative.rhoE.gradient,0.003801935397563596,0.011665321802642164,0.09554996423242434,1.9359815830926284,1.908515266706289,1.758697745683425
iv80,0.11856838008968279,conservative.rhoE.value,6.573174688738744e-06,2.4843079301951306e-05,0.0007189567584076073,3.731802112002476,3.542013081143843,1.9337025632381193
iv80,0.11856838008968279,conservative.rhou.dx,0.0008466731143868318,0.0022038939837592327,0.01611154042842755,1.9164259233310295,1.8810862309442544,1.7606683294856937
iv80,0.11856838008968279,conservative.rhou.dy,0.0011968977711785261,0.0033250897914419864,0.0303443114736468,1.9453441485711962,1.9219928116181153,1.8475109553806497
iv80,0.11856838008968279,conservative.rhou.dz,1.2678570009357263e-15,3.2853681793478194e-15,6.04360265860817e-14,,,
iv80,0.11856838008968279,conservative.rhou.gradient,0.001601188292330777,0.003989156654332076,0.03040276601726039,1.932482516345212,1.9097496433761691,1.8447158151861254
iv80,0.11856838008968279,conservative.rhou.value,2.5228488833487846e-06,8.153634641561347e-06,0.00017079619410520497,3.7385005882520868,3.5434370197046388,2.104885713424017
iv80,0.11856838008968279,conservative.rhov.dx,0.0011971041005729367,0.0033355525541902656,0.030324493604250713,1.9363095837667332,1.906391691785795,1.846607646860733
iv80,0.11856838008968279,conservative.rhov.dy,0.0008452949927153753,0.0021971100938013685,0.015651709599116825,1.9265923188673642,1.8994007002146842,1.8062631172916392
iv80,0.11856838008968279,conservative.rhov.dz,1.3555772220066193e-15,3.9717579691267216e-15,1.1025101905727416e-13,,,
iv80,0.11856838008968279,conservative.rhov.gradient,0.0016005069398487024,0.003994146167336519,0.030384545512791288,1.931603983334818,1.9042833742030156,1.8437387581496685
iv80,0.11856838008968279,conservative.rhov.value,2.5390905716601577e-06,8.46093218777363e-06,0.0002645555923085352,3.7406974904897083,3.536219887327537,1.8292354993288635
iv80,0.11856838008968279,conservative.rhow.dx,0.0,0.0,0.0,,,
iv80,0.11856838008968279,conservative.rhow.dy,0.0,0.0,0.0,,,
iv80,0.11856838008968279,conservative.rhow.dz,0.0,0.0,0.0,,,
iv80,0.11856838008968279,conservative.rhow.gradient,0.0,0.0,0.0,,,
iv80,0.11856838008968279,conservative.rhow.value,0.0,0.0,0.0,,,
iv80,0.11856838008968279,primitive.p.dx,0.000485789138644667,0.0019591357889001152,0.016415147983620648,1.9378579608311306,1.9114163536369448,1.850523184283031
iv80,0.11856838008968279,primitive.p.dy,0.0004839661645568025,0.001954152173589588,0.016415300926818366,1.9583414730561195,1.9355050624322103,1.852944344596589
iv80,0.11856838008968279,primitive.p.dz,6.423552957798446e-16,2.2292223020936944e-15,6.238780186198134e-14,,,
iv80,0.11856838008968279,primitive.p.gradient,0.0007621703287198213,0.002767114698904647,0.01702171767052632,1.9527506406415123,1.9235299084801958,1.8274291305212336
iv80,0.11856838008968279,primitive.p.value,1.4079009391092848e-06,5.616397409583469e-06,0.0001529859177366033,3.7461215568555453,3.569686426225519,1.8413797795660716
iv80,0.11856838008968279,primitive.rho.dx,0.0003844908539612427,0.0013609449005962775,0.010865364685041123,1.936237108267343,1.9163444170953419,1.8909540779031164
iv80,0.11856838008968279,primitive.rho.dy,0.0003832587264129553,0.0013574072124619009,0.01086547802153437,1.9535879657112178,1.9390203734091302,1.8934655389900616
iv80,0.11856838008968279,primitive.rho.dz,4.777917699563025e-16,1.6375855612073254e-15,4.1572712408100955e-14,,,
iv80,0.11856838008968279,primitive.rho.gradient,0.0006034954101980316,0.0019221668405480798,0.01144013542541431,1.9489907385716712,1.9277413908878667,1.8303724597222653
iv80,0.11856838008968279,primitive.rho.value,9.947566759579278e-07,3.8419139281292785e-06,0.00010123430467023908,3.7987319814924283,3.5665075181531543,1.8138265972764298
iv80,0.11856838008968279,primitive.u.dx,0.0007160725711327642,0.0017941063415299059,0.009598047169773916,1.8945541638965384,1.8713452522072107,1.8480649317570204
iv80,0.11856838008968279,primitive.u.dy,0.0011743637090773464,0.0030185764578323235,0.017854238651635046,1.9246690595906535,1.904905469351576,1.802606001687768
iv80,0.11856838008968279,primitive.u.dz,1.2866705407608165e-15,3.4997673189587586e-15,8.554001028423782e-14,,,
iv80,0.11856838008968279,primitive.u.gradient,0.001510962416229323,0.003511498454577098,0.01785423865163904,1.9187490028980494,1.8962933038233265,1.8026064034670315
iv80,0.11856838008968279,primitive.u.value,2.4214245496873298e-06,7.740988041023975e-06,0.00014516753435678265,3.709441117841681,3.5490581576506397,2.3925091032636363
iv80,0.11856838008968279,primitive.v.dx,0.0011736469487881628,0.0030202851692222865,0.01785281319896115,1.9182044670664278,1.8968474148519707,1.8018866903372475
iv80,0.11856838008968279,primitive.v.dy,0.0007157480228647905,0.0017935289964259053,0.009611342960765823,1.8952418192405227,1.8719842223667849,1.847265326051962
iv80,0.11856838008968279,primitive.v.dz,1.270054177816798e-15,3.4179030153637702e-15,9.042855938496887e-14,,,
iv80,0.11856838008968279,primitive.v.gradient,0.0015103849465263651,0.003512672595680478,0.01785281336516007,1.9143145630491163,1.8904471576848338,1.8018867858122194
iv80,0.11856838008968279,primitive.v.value,2.4475181265972647e-06,8.06052599360888e-06,0.0001774851012170675,3.705975949941152,3.5174197985801765,2.084727991915109
iv80,0.11856838008968279,primitive.w.dx,0.0,0.0,0.0,,,
iv80,0.11856838008968279,primitive.w.dy,0.0,0.0,0.0,,,
iv80,0.11856838008968279,primitive.w.dz,0.0,0.0,0.0,,,
iv80,0.11856838008968279,primitive.w.gradient,0.0,0.0,0.0,,,
iv80,0.11856838008968279,primitive.w.value,0.0,0.0,0.0,,,
